"name","type","n","missing","unique","mean","median","mode","mode_value","sd","v","min","max","range","skew","skew_2se","kurt","kurt_2se","category","description"
"Sepal.Length","numeric",150,0,35,5.84333333333333,5.8,5.8,NA,0.828066127977863,NA,4.3,7.9,3.6,0.308640729589268,0.779244775288433,-0.605812534848151,-0.769611999022637,NA,NA
"Sepal.Width","numeric",150,0,23,3.05733333333333,3,3,NA,0.435866284936698,NA,2,4.4,2.4,0.312614703922861,0.789278119690852,0.138704676680726,0.176207617626795,NA,NA
"Petal.Length","numeric",150,0,43,3.758,4.35,4.35,NA,1.76529823325947,NA,1,6.9,5.9,-0.269410930305303,-0.680198819272437,-1.41685743173086,-1.7999470424259,NA,NA
"Petal.Width","numeric",150,0,22,1.19933333333333,1.3,1.3,NA,0.762237668960347,NA,0.1,2.5,2.4,-0.100916565295792,-0.254790436607153,-1.35817922060203,-1.72540342906661,NA,NA
"Species","factor",150,0,3,NA,NA,50,"setosa",NA,0.666666666666667,NA,NA,NA,NA,NA,NA,NA,NA,NA
